Items Report,,,,,,,,,,,,,,
"Mar 1, 2026 12:00 AM - Mar 31, 2026 11:59 PM",,,,,,,,,,,,,,
"Requested on: Apr 2, 2026 5:06 PM",,,,,,,,,,,,,,
Filters: Item Type = Revenue Items,,,,,,,,,,,,,,
,,,,,,,,,,,,,,
Categories: All,,,,,,,,,,,,,,
"The report reflects all revenue items in paid, partially paid, partially refunded and refunded status. Does not include open orders.",,,,,,,,,,,,,,
Items assigned to multiple categories are reported in just one category (the one created first).,,,,,,,,,,,,,,
,,,,,,,,,,,,,,
Gross Sales,"$39,424.46 ",,,,,,,,,,,,,
Net Sales,"$37,392.30 ",,,,,,,,,,,,,
COGS,"$10,221.82 ",,,,,,,,,,,,,
Gross Profit,"$25,478.94 ",,,,,,,,,,,,,
Gross Profit Margin,68.14%,,,,,,,,,,,,,
,,,,,,,,,,,,,,
Category Name,Name,Gross Sales,Net Sales,Sold,Refunded,Modifier Name,Modifier Sold,Modifier Amount,Discounts,Refunds,% Net Sales,Avg Item Size,COGS,Gross Profit
Puffs,,,,,,,,,,,,,,
,Veg. Masala Puff,"$5,979.20 ","$5,963.24 ",1473,2, , ,-,($7.98),($7.98),15.95%,$4.05 ,"$1,471.00 ","$4,492.24 "
,, , , , ,Add Cheese,27,$26.55 , , , , , , 
,, , , , ,Add Ratlami Sev,7,$6.93 , , , , , , 
,, , , , ,Add Green Chutney,1,$0.49 , , , , , , 
,, , , , ,Add Onion,4,$1.96 , , , , , , 
,Paneer Puff,"$2,614.03 ","$2,610.84 ",643,0, , ,-,($3.19),$0.00 ,6.98%,$4.06 ,$0.00 ,"$2,610.84 "
,, , , , ,Add Ratlami Sev,1,$0.99 , , , , , , 
,, , , , ,Add Green Chutney,2,$0.98 , , , , , , 
,, , , , ,Add Onion,1,$0.49 , , , , , , 
,Chinese Puff,$780.11 ,$780.11 ,186,0, , ,-,$0.00 ,$0.00 ,2.09%,$4.19 ,$0.00 ,$780.11 
,, , , , ,Add Ratlami Sev,3,$2.97 , , , , , , 
,Masala Tea,$678.60 ,$674.61 ,340,1, , ,-,($2.00),($1.99),1.80%,$1.99 ,$0.00 ,$674.61 
,Cheesy Corn Puff,$366.09 ,$366.09 ,91,0, , ,-,$0.00 ,$0.00 ,0.98%,$4.02 ,$0.00 ,$366.09 
,Veg Cheese Puff,$344.19 ,$344.19 ,66,0, , ,-,$0.00 ,$0.00 ,0.92%,$5.22 ,$0.00 ,$344.19 
,, , , , ,Add Ratlami Sev,15,$14.85 , , , , , , 
,Ratlami Sev Masala Puff,$81.82 ,$81.82 ,16,0, , ,-,$0.00 ,$0.00 ,0.22%,$5.11 ,$0.00 ,$81.82 
,, , , , ,Add Cheese,2,$1.98 , , , , , , 
,Bottled Water,$61.25 ,$61.25 ,61,0, , ,-,$0.00 ,$0.00 ,0.16%,$1.00 ,$0.00 ,$61.25 
,Tea + Puff Combo,$42.91 ,$42.91 ,9,0, , ,-,$0.00 ,$0.00 ,0.11%,$4.77 ,$0.00 ,$42.91 
,Add Cheese,$1.00 ,$1.00 ,1,0, , ,-,$0.00 ,$0.00 ,0.00%,$1.00 ,$0.00 ,$1.00 
Total (Puffs),,"$10,949.20 ","$10,926.06 ",2886,3,-,63,$58.19 ,($13.17),($9.97),29.22%,$3.79 ,"$1,471.00 ","$9,455.06 "
,,,,,,,,,,,,,,
Snacks,,,,,,,,,,,,,,
,Vada Pav,"$1,574.09 ","$1,571.09 ",191,0, , ,-,($3.00),$0.00 ,4.20%,$8.23 ,$0.00 ,"$1,571.09 "
,, , , , ,Mild,10,$0.00 , , , , , , 
,, , , , ,Spicy,19,$0.00 , , , , , , 
,, , , , ,No Sweet Chutney,1,$0.00 , , , , , , 
,Kutchi Dabeli,$959.16 ,$920.16 ,102,0, , ,-,($39.00),$0.00 ,2.46%,$9.02 ,$0.00 ,$920.16 
,, , , , ,Extra Cheese,1,$1.50 , , , , , , 
,, , , , ,Swaminarayan,1,$0.00 , , , , , , 
,, , , , ,Mild,8,$0.00 , , , , , , 
,, , , , ,Spicy,10,$0.00 , , , , , , 
,, , , , ,No Onion,1,$0.00 , , , , , , 
,Veggie Burger,$611.47 ,$567.08 ,65,0, , ,-,($44.39),$0.00 ,1.52%,$8.72 ,$0.00 ,$567.08 
,, , , , ,No Cheese,1,$0.00 , , , , , , 
,Veg.grill sandwich,$553.04 ,$541.04 ,56,0, , ,-,($12.00),$0.00 ,1.45%,$9.66 ,$0.00 ,$541.04 
,Paneer Tikka Sandwich,$560.13 ,$539.64 ,57,1, , ,-,($11.00),($9.49),1.44%,$9.64 ,$0.00 ,$539.64 
,, , , , ,Mild,4,$0.00 , , , , , , 
,, , , , ,Spicy,4,$0.00 , , , , , , 
,Paneer Tikka Burger ,$539.40 ,$539.40 ,60,0, , ,-,$0.00 ,$0.00 ,1.44%,$8.99 ,-,-
,Cheese Vada Pav,$519.31 ,$519.31 ,55,0, , ,-,$0.00 ,$0.00 ,1.39%,$9.44 ,$0.00 ,$519.31 
,, , , , ,Mild,12,$0.00 , , , , , , 
,, , , , ,Spicy,2,$0.00 , , , , , , 
,, , , , ,No Onion,1,$0.00 , , , , , , 
,, , , , ,No Green Chutney,1,$0.00 , , , , , , 
,Pav Bhaji,$489.51 ,$489.51 ,49,0, , ,-,$0.00 ,$0.00 ,1.31%,$9.99 ,-,-
,Veggie Pizza,$396.67 ,$396.67 ,31,0, , ,-,$0.00 ,$0.00 ,1.06%,$12.80 ,$0.00 ,$396.67 
,, , , , ,No Mushroom,5,$0.00 , , , , , , 
,, , , , ,No Onions,3,$0.00 , , , , , , 
,, , , , ,No Zuccini,1,$0.00 , , , , , , 
,Chole Kulcha,$211.29 ,$195.34 ,23,0, , ,-,($15.95),$0.00 ,0.52%,$8.49 ,$0.00 ,$195.34 
,Masala Fries,$185.37 ,$185.37 ,33,0, , ,-,$0.00 ,$0.00 ,0.50%,$5.62 ,$0.00 ,$185.37 
,, , , , ,No Masala,1,$0.00 , , , , , , 
,Jalapeño Poppers,$101.25 ,$101.25 ,21,0, , ,-,$0.00 ,$0.00 ,0.27%,$4.82 ,$0.00 ,$101.25 
,Potato Stuffed Grill Sandwich,$90.21 ,$90.21 ,9,0, , ,-,$0.00 ,$0.00 ,0.24%,$10.02 ,$0.00 ,$90.21 
,Cheesy Garlic Bread,$77.91 ,$77.91 ,9,0, , ,-,$0.00 ,$0.00 ,0.21%,$8.66 ,$0.00 ,$77.91 
,Bombay Sandwich,$76.89 ,$76.89 ,11,0, , ,-,$0.00 ,$0.00 ,0.21%,$6.99 ,-,-
,Grill Cheese Sandwich,$71.21 ,$69.21 ,9,0, , ,-,($2.00),$0.00 ,0.19%,$7.69 ,$0.00 ,$69.21 
,Paneer Tikka Pizza,$68.76 ,$68.76 ,4,0, , ,-,$0.00 ,$0.00 ,0.18%,$17.19 ,-,-
,Cheese Pizza,$65.61 ,$65.61 ,5,0, , ,-,$0.00 ,$0.00 ,0.18%,$13.12 ,$0.00 ,$65.61 
,Paneer Bhurji With Kulcha,$62.93 ,$62.93 ,7,0, , ,-,$0.00 ,$0.00 ,0.17%,$8.99 ,-,-
,Mozzarella Sticks,$61.85 ,$61.85 ,13,0, , ,-,$0.00 ,$0.00 ,0.17%,$4.76 ,$0.00 ,$61.85 
,Schezwan Paneer Roll,$47.21 ,$47.21 ,5,0, , ,-,$0.00 ,$0.00 ,0.13%,$9.44 ,$0.00 ,$47.21 
,Chilly Cheese Toast,$45.95 ,$45.95 ,5,0, , ,-,$0.00 ,$0.00 ,0.12%,$9.19 ,$0.00 ,$45.95 
,Pesto Paneer Pizza,$41.25 ,$41.25 ,3,0, , ,-,$0.00 ,$0.00 ,0.11%,$13.75 ,$0.00 ,$41.25 
,Chutney Sandwich,$18.35 ,$18.35 ,5,0, , ,-,$0.00 ,$0.00 ,0.05%,$3.67 ,$0.00 ,$18.35 
,Bread Butter,$18.24 ,$18.24 ,6,0, , ,-,$0.00 ,$0.00 ,0.05%,$3.04 ,$0.00 ,$18.24 
,Spinach & Corn Sandwich,$9.49 ,$9.49 ,1,0, , ,-,$0.00 ,$0.00 ,0.03%,$9.49 ,$0.00 ,$9.49 
,Extra Kulcha 1,$3.75 ,$3.75 ,3,0, , ,-,$0.00 ,$0.00 ,0.01%,$1.25 ,$0.00 ,$3.75 
Total (Snacks),,"$7,460.30 ","$7,323.47 ",838,1,-,86,$1.50 ,($127.34),($9.49),19.59%,$8.75 ,$0.00 ,"$6,085.98 "
,,,,,,,,,,,,,,
Cake 2LB,,,,,,,,,,,,,,
,Rasmalai 2Lb,"$1,455.72 ","$1,174.93 ",28,0, , ,-,($280.79),$0.00 ,3.14%,$41.96 ,$800.52 ,$374.41 
,Ferrero Rocher 2 Lb,$971.82 ,$777.43 ,18,0, , ,-,($194.39),$0.00 ,2.08%,$43.19 ,$534.42 ,$243.01 
,Pine Butterscotch 2LB,$865.49 ,$735.49 ,17,0, , ,-,($130.00),$0.00 ,1.97%,$43.26 ,$467.33 ,$268.16 
,Choco Chip Forest Cake 2LB,$549.89 ,$449.89 ,11,0, , ,-,($100.00),$0.00 ,1.20%,$40.90 ,$302.39 ,$147.50 
,White Forest 2LB,$449.91 ,$369.91 ,9,0, , ,-,($80.00),$0.00 ,0.99%,$41.10 ,$247.41 ,$122.50 
,Royal Cassatta 2LB,$363.93 ,$291.13 ,7,0, , ,-,($72.80),$0.00 ,0.78%,$41.59 ,$207.83 ,$83.30 
,Alphonso 2LB,$351.92 ,$290.33 ,8,0, , ,-,($61.59),$0.00 ,0.78%,$36.29 ,$193.52 ,$96.81 
,Choco delight 2 lb,$351.92 ,$290.32 ,8,0, , ,-,($61.60),$0.00 ,0.78%,$36.29 ,$193.52 ,$96.80 
,Juicy Pineapple 2LB,$321.43 ,$274.73 ,7,0, , ,-,($46.70),$0.00 ,0.73%,$39.25 ,$169.33 ,$105.40 
,Red Velvet 2LB,$311.94 ,$249.54 ,6,0, , ,-,($62.40),$0.00 ,0.67%,$41.59 ,$171.54 ,$78.00 
,Black Forest Cake 2LB,$175.96 ,$140.76 ,4,0, , ,-,($35.20),$0.00 ,0.38%,$35.19 ,$96.76 ,$44.00 
,Oreo Crunch 2 Lb,$120.74 ,$96.59 ,2,0, , ,-,($24.15),$0.00 ,0.26%,$48.30 ,$57.18 ,$39.41 
,Biscoff Cheesecake 2LB,$52.99 ,$42.39 ,1,0, , ,-,($10.60),$0.00 ,0.11%,$42.39 ,$0.00 ,$42.39 
,Mango Cheese Cake 2lb,$52.99 ,$42.39 ,1,0, , ,-,($10.60),$0.00 ,0.11%,$42.39 ,$0.00 ,$42.39 
,Choco Pie 2LB,$49.99 ,$39.99 ,1,0, , ,-,($10.00),$0.00 ,0.11%,$39.99 ,$27.49 ,$12.50 
Total (Cake 2LB),,"$6,446.64 ","$5,265.81 ",128,0,-, ,$0.00 ,"($1,180.83)",$0.00 ,14.08%,$41.14 ,"$3,469.24 ","$1,796.58 "
,,,,,,,,,,,,,,
Pastries ,,,,,,,,,,,,,,
,Rasbhari Rasmalai,$599.65 ,$599.65 ,129,0, , ,-,$0.00 ,$0.00 ,1.60%,$4.65 ,$318.63 ,$281.02 
,Chocolate Chip,$335.25 ,$335.25 ,83,0, , ,-,$0.00 ,$0.00 ,0.90%,$4.04 ,$0.00 ,$335.25 
,Oreo Crunch,$287.63 ,$287.63 ,57,0, , ,-,$0.00 ,$0.00 ,0.77%,$5.05 ,$156.18 ,$131.45 
,Choco Delight,$282.11 ,$282.11 ,69,0, , ,-,$0.00 ,$0.00 ,0.75%,$4.09 ,$151.11 ,$131.00 
,Royal Chocolate,$267.67 ,$267.67 ,53,0, , ,-,$0.00 ,$0.00 ,0.72%,$5.05 ,$0.00 ,$267.67 
,Royal Cassatta,$240.78 ,$240.78 ,52,0, , ,-,$0.00 ,$0.00 ,0.64%,$4.63 ,$142.48 ,$98.30 
,Ferrero Rocher,$237.33 ,$236.70 ,39,0, , ,-,($0.63),$0.00 ,0.63%,$6.07 ,$128.31 ,$108.39 
,Black Forest,$230.33 ,$230.33 ,55,0, , ,-,$0.00 ,$0.00 ,0.62%,$4.19 ,$120.45 ,$109.88 
,Mango Cheese Cake,$200.98 ,$200.98 ,32,0, , ,-,$0.00 ,$0.00 ,0.54%,$6.28 ,$0.00 ,$200.98 
,Juicy Pineapple,$197.05 ,$197.05 ,47,0, , ,-,$0.00 ,$0.00 ,0.53%,$4.19 ,$0.00 ,$197.05 
,Alphonso,$195.60 ,$195.60 ,48,0, , ,-,$0.00 ,$0.00 ,0.52%,$4.08 ,$0.00 ,$195.60 
,Pine butterscotch,$185.60 ,$185.60 ,40,0, , ,-,$0.00 ,$0.00 ,0.50%,$4.64 ,$98.80 ,$86.80 
,Biscoff Cheese Cake,$123.52 ,$123.52 ,20,0, , ,-,$0.00 ,$0.00 ,0.33%,$6.18 ,$0.00 ,$123.52 
,Strawberry Delight,$119.70 ,$119.28 ,30,0, , ,-,($0.42),$0.00 ,0.32%,$3.98 ,$65.70 ,$53.58 
,Choco Pie,$101.83 ,$101.83 ,17,0, , ,-,$0.00 ,$0.00 ,0.27%,$5.99 ,$0.00 ,$101.83 
,Gulabjamun Cheesecake,$99.15 ,$99.15 ,15,0, , ,-,$0.00 ,$0.00 ,0.27%,$6.61 ,$52.50 ,$46.65 
,White Forest,$97.12 ,$97.12 ,24,0, , ,-,$0.00 ,$0.00 ,0.26%,$4.05 ,$52.56 ,$44.56 
,Red Velvet,$91.30 ,$91.30 ,20,0, , ,-,$0.00 ,$0.00 ,0.24%,$4.57 ,$49.40 ,$41.90 
Total (Pastries ),,"$3,892.60 ","$3,891.55 ",830,0,-, ,$0.00 ,($1.05),$0.00 ,10.41%,$4.69 ,"$1,336.12 ","$2,555.43 "
,,,,,,,,,,,,,,
Cake 1LB,,,,,,,,,,,,,,
,Rasbhari rasmalai 1lb,$683.35 ,$557.03 ,25,0, , ,-,($126.32),$0.00 ,1.49%,$22.28 ,$357.25 ,$199.78 
,Ferrero Rocher 1lb,$593.78 ,$496.58 ,22,0, , ,-,($97.20),$0.00 ,1.33%,$22.57 ,$314.38 ,$182.20 
,Black Forest 1lb,$439.80 ,$413.40 ,20,0, , ,-,($26.40),$0.00 ,1.11%,$20.67 ,$241.80 ,$171.60 
,Choco Delight 1lb,$365.36 ,$320.47 ,16,0, , ,-,($44.89),$0.00 ,0.86%,$20.03 ,$193.44 ,$127.03 
,Royal Chocolate 1lb,$350.87 ,$302.27 ,13,0, , ,-,($48.60),$0.00 ,0.81%,$23.25 ,$192.92 ,$109.35 
,Royal Cassatta 1lb,$311.88 ,$265.08 ,12,0, , ,-,($46.80),$0.00 ,0.71%,$22.09 ,$171.48 ,$93.60 
,Choco Chip Forest 1lb,$274.89 ,$229.89 ,11,0, , ,-,($45.00),$0.00 ,0.61%,$20.90 ,$151.14 ,$78.75 
,Pine Butterscotch 1lb,$258.06 ,$221.43 ,10,0, , ,-,($36.63),$0.00 ,0.59%,$22.14 ,$137.40 ,$84.03 
,Red Velvet 1lb,$259.90 ,$213.10 ,10,0, , ,-,($46.80),$0.00 ,0.57%,$21.31 ,$142.90 ,$70.20 
,White Forest 1lb,$249.90 ,$204.90 ,10,0, , ,-,($45.00),$0.00 ,0.55%,$20.49 ,$137.40 ,$67.50 
,Alphonso 1lb,$204.67 ,$182.67 ,9,0, , ,-,($22.00),$0.00 ,0.49%,$20.30 ,$108.81 ,$73.86 
,Oreo Crunch 1lb,$155.94 ,$140.34 ,6,0, , ,-,($15.60),$0.00 ,0.38%,$23.39 ,$85.74 ,$54.60 
,Choco Pie 1LB,$124.95 ,$99.95 ,5,0, , ,-,($25.00),$0.00 ,0.27%,$19.99 ,$68.70 ,$31.25 
,Strawberry Delight 1lb,$87.96 ,$87.96 ,4,0, , ,-,$0.00 ,$0.00 ,0.24%,$21.99 ,$48.36 ,$39.60 
,Juicy Pineapple 1lb,$87.96 ,$70.36 ,4,0, , ,-,($17.60),$0.00 ,0.19%,$17.59 ,$48.36 ,$22.00 
,Mango Cheese Cake 1lb,$25.99 ,$20.79 ,1,0, , ,-,($5.20),$0.00 ,0.06%,$20.79 ,$0.00 ,$20.79 
Total (Cake 1LB),,"$4,475.26 ","$3,826.22 ",178,0,-, ,$0.00 ,($649.04),$0.00 ,10.23%,$21.50 ,"$2,400.08 ","$1,426.14 "
,,,,,,,,,,,,,,
Uncategorized,,,,,,,,,,,,,,
,Buns Pav,$483.75 ,$477.75 ,129,0, , ,-,($6.00),$0.00 ,1.28%,$3.70 ,$483.75 ,($6.00)
,Mango Tres Leches,$295.63 ,$287.64 ,37,1, , ,-,$0.00 ,($7.99),0.77%,$7.99 ,$215.64 ,$72.00 
,Cassata Mousse,$215.64 ,$215.64 ,36,0, , ,-,$0.00 ,$0.00 ,0.58%,$5.99 ,$0.00 ,$215.64 
,Paneer Tikka Pizza,$192.50 ,$192.50 ,14,0, , ,-,$0.00 ,$0.00 ,0.51%,$13.75 ,-,-
,Surti Khari,$139.72 ,$139.72 ,28,0, , ,-,$0.00 ,$0.00 ,0.37%,$4.99 ,$84.00 ,$55.72 
,Methi Khari,$79.84 ,$79.84 ,16,0, , ,-,$0.00 ,$0.00 ,0.21%,$4.99 ,$48.00 ,$31.84 
,Sandwich Bread S/W 800,$75.81 ,$75.81 ,19,0, , ,-,$0.00 ,$0.00 ,0.20%,$3.99 ,$0.00 ,$75.81 
,Jeera Khari,$74.85 ,$74.85 ,15,0, , ,-,$0.00 ,$0.00 ,0.20%,$4.99 ,$74.85 ,$0.00 
,Cashew Bite,$52.35 ,$52.35 ,15,0, , ,-,$0.00 ,$0.00 ,0.14%,$3.49 ,$0.00 ,$52.35 
,Mathura Penda 400gm,$49.95 ,$49.95 ,5,0, , ,-,$0.00 ,$0.00 ,0.13%,$9.99 ,$0.00 ,$49.95 
,Veg. Grill Sandwich,$26.97 ,$26.97 ,3,0, , ,-,$0.00 ,$0.00 ,0.07%,$8.99 ,$0.00 ,$26.97 
,Frosting,$24.00 ,$24.00 ,24,0, , ,-,$0.00 ,$0.00 ,0.06%,$1.00 ,$12.00 ,$12.00 
,Custom Item,$23.96 ,$23.96 ,4,0, , ,-,$0.00 ,$0.00 ,0.06%,$5.99 ,-,-
,Surti Pista Ghari 500g,$11.99 ,$11.99 ,1,0, , ,-,$0.00 ,$0.00 ,0.03%,$11.99 ,$0.00 ,$11.99 
,Surti Rajbhog Ghari 500g,$11.99 ,$11.99 ,1,0, , ,-,$0.00 ,$0.00 ,0.03%,$11.99 ,$0.00 ,$11.99 
,Walnut Chocolate Brownie,$11.96 ,$11.96 ,4,0, , ,-,$0.00 ,$0.00 ,0.03%,$2.99 ,$0.00 ,$11.96 
,Custom Item,$10.00 ,$10.00 ,5,0, , ,-,$0.00 ,$0.00 ,0.03%,$2.00 ,-,-
,Kesar Penda 400gm,$9.99 ,$9.99 ,1,0, , ,-,$0.00 ,$0.00 ,0.03%,$9.99 ,$0.00 ,$9.99 
,Casatta Mousse,$5.99 ,$5.99 ,1,0, , ,-,$0.00 ,$0.00 ,0.02%,$5.99 ,$0.00 ,$5.99 
,Custom Item,$5.00 ,$5.00 ,1,0, , ,-,$0.00 ,$0.00 ,0.01%,$5.00 ,-,-
,Custom Item,$4.99 ,$4.99 ,1,0, , ,-,$0.00 ,$0.00 ,0.01%,$4.99 ,-,-
,Frosting Cream Roll,$3.98 ,$3.98 ,2,0, , ,-,$0.00 ,$0.00 ,0.01%,$1.99 ,$0.00 ,$3.98 
,Truti Frutti Pound Cake,$3.49 ,$3.49 ,1,0, , ,-,$0.00 ,$0.00 ,0.01%,$3.49 ,$0.00 ,$3.49 
,Custom Item,$2.69 ,$2.69 ,1,0, , ,-,$0.00 ,$0.00 ,0.01%,$2.69 ,-,-
,Methi Khari 200gm,$2.49 ,$2.49 ,1,0, , ,-,$0.00 ,$0.00 ,0.01%,$2.49 ,$0.00 ,$2.49 
,Vanilla Muffin.,$1.99 ,$1.99 ,1,0, , ,-,$0.00 ,$0.00 ,0.01%,$1.99 ,$0.00 ,$1.99 
,Custom Item,$1.50 ,$1.50 ,1,0, , ,-,$0.00 ,$0.00 ,0.00%,$1.50 ,-,-
,ttps://www.atulbakery.com/namkeen-nadiyadi-mix/,$0.00 ,$0.00 ,1,0, , ,-,$0.00 ,$0.00 ,0%,$0.00 ,-,-
Total (Uncategorized),,"$1,823.02 ","$1,809.03 ",368,1,-, ,$0.00 ,($6.00),($7.99),4.84%,$4.93 ,$918.24 ,$650.15 
,,,,,,,,,,,,,,
Breads,,,,,,,,,,,,,,
,Maska Bun,$357.75 ,$357.75 ,159,0, , ,-,$0.00 ,$0.00 ,0.96%,$2.25 ,$0.00 ,$357.75 
,Vada Dabeli Pav,$354.25 ,$349.13 ,109,0, , ,-,($5.12),$0.00 ,0.93%,$3.20 ,$0.00 ,$349.13 
,Cream Roll Frosting,$99.50 ,$99.50 ,50,0, , ,-,$0.00 ,$0.00 ,0.27%,$1.99 ,$0.00 ,$99.50 
,"Soft White Pizza Bread 7""",$90.75 ,$90.75 ,33,0, , ,-,$0.00 ,$0.00 ,0.24%,$2.75 ,$45.21 ,$45.54 
,Kulcha Bread,$74.25 ,$71.00 ,33,0, , ,-,($3.25),$0.00 ,0.19%,$2.15 ,$16.50 ,$54.50 
,Sandwich Bread 400g,$41.25 ,$41.25 ,15,0, , ,-,$0.00 ,$0.00 ,0.11%,$2.75 ,$0.00 ,$41.25 
,Sandwich Bread 800gm,$21.25 ,$21.25 ,5,0, , ,-,$0.00 ,$0.00 ,0.06%,$4.25 ,$0.00 ,$21.25 
,Jumbo Sandwich Bread,$12.75 ,$12.75 ,3,0, , ,-,$0.00 ,$0.00 ,0.03%,$4.25 ,$0.00 ,$12.75 
,Milk & Fruit Bread,$2.75 ,$2.75 ,1,0, , ,-,$0.00 ,$0.00 ,0.01%,$2.75 ,$1.37 ,$1.38 
Total (Breads),,"$1,054.50 ","$1,046.13 ",408,0,-, ,$0.00 ,($8.37),$0.00 ,2.80%,$2.56 ,$63.08 ,$983.05 
,,,,,,,,,,,,,,
Tea & Soda,,,,,,,,,,,,,,
,Coke Can,$176.62 ,$176.62 ,88,0, , ,-,$0.00 ,$0.00 ,0.47%,$2.01 ,$0.00 ,$176.62 
,Coffee,$174.04 ,$173.58 ,76,0, , ,-,($0.46),$0.00 ,0.46%,$2.28 ,$0.00 ,$173.58 
,Thums Up Can,$155.48 ,$154.88 ,52,0, , ,-,($0.60),$0.00 ,0.41%,$2.98 ,$0.00 ,$154.88 
,Kashmira Masala Jeera Can,$129.33 ,$128.13 ,43,0, , ,-,($1.20),$0.00 ,0.34%,$2.98 ,$24.94 ,$103.19 
,Frooti,$119.60 ,$119.60 ,40,0, , ,-,$0.00 ,$0.00 ,0.32%,$2.99 ,$0.00 ,$119.60 
,Limca Can,$68.77 ,$68.77 ,23,0, , ,-,$0.00 ,$0.00 ,0.18%,$2.99 ,$0.00 ,$68.77 
,Sprite Can,$36.32 ,$36.32 ,18,0, , ,-,$0.00 ,$0.00 ,0.10%,$2.02 ,$0.00 ,$36.32 
,Diet Coke Can,$35.33 ,$35.33 ,17,0, , ,-,$0.00 ,$0.00 ,0.09%,$2.08 ,$0.00 ,$35.33 
,Coke Zero,$11.94 ,$11.94 ,6,0, , ,-,$0.00 ,$0.00 ,0.03%,$1.99 ,$0.00 ,$11.94 
Total (Tea & Soda),,$907.43 ,$905.18 ,363,0,-, ,$0.00 ,($2.25),$0.00 ,2.42%,$2.49 ,$24.94 ,$880.23 
,,,,,,,,,,,,,,
Shakes,,,,,,,,,,,,,,
,Ferrero Rocher Shake,$135.87 ,$135.87 ,13,0, , ,-,$0.00 ,$0.00 ,0.36%,$10.45 ,$0.00 ,$135.87 
,, , , , ,Medium,10,$0.00 , , , , , , 
,, , , , ,Large,3,$6.00 , , , , , , 
,Chocolate Chip Brownie Shake,$91.89 ,$91.89 ,11,0, , ,-,$0.00 ,$0.00 ,0.25%,$8.35 ,$0.00 ,$91.89 
,, , , , ,Medium,9,$0.00 , , , , , , 
,, , , , ,Large,2,$4.00 , , , , , , 
,Mango Lassi,$74.85 ,$74.85 ,15,0, , ,-,$0.00 ,$0.00 ,0.20%,$4.99 ,-,-
,Oreo Shake,$65.19 ,$65.19 ,7,0, , ,-,$0.00 ,$0.00 ,0.17%,$9.31 ,$0.00 ,$65.19 
,, , , , ,Medium,7,$0.00 , , , , , , 
,Pine Butterscotch Shake,$61.93 ,$61.93 ,7,0, , ,-,$0.00 ,$0.00 ,0.17%,$8.85 ,$0.00 ,$61.93 
,, , , , ,Medium,6,$0.00 , , , , , , 
,, , , , ,Large,1,$2.00 , , , , , , 
,Rich Alphonso,$60.45 ,$60.45 ,7,0, , ,-,$0.00 ,$0.00 ,0.16%,$8.64 ,$0.00 ,$60.45 
,, , , , ,Medium,3,$0.00 , , , , , , 
,, , , , ,Large,4,$8.00 , , , , , , 
,Red Velvet Shake,$46.95 ,$46.95 ,5,0, , ,-,$0.00 ,$0.00 ,0.13%,$9.39 ,$0.00 ,$46.95 
,, , , , ,Medium,4,$0.00 , , , , , , 
,, , , , ,Large,1,$2.00 , , , , , , 
,Strawberry Shake,$23.97 ,$23.97 ,3,0, , ,-,$0.00 ,$0.00 ,0.06%,$7.99 ,$0.00 ,$23.97 
,, , , , ,Medium,3,$0.00 , , , , , , 
,Walnut Brownie Shake,$19.98 ,$19.98 ,2,0, , ,-,$0.00 ,$0.00 ,0.05%,$9.99 ,$0.00 ,$19.98 
,, , , , ,Medium,1,$0.00 , , , , , , 
,, , , , ,Large,1,$2.00 , , , , , , 
,Choco Latte Shake,$15.98 ,$15.98 ,2,0, , ,-,$0.00 ,$0.00 ,0.04%,$7.99 ,$0.00 ,$15.98 
,, , , , ,Medium,2,$0.00 , , , , , , 
Total (Shakes),,$597.06 ,$597.06 ,72,0,-,57,$24.00 ,$0.00 ,$0.00 ,1.60%,$8.29 ,$0.00 ,$522.21 
,,,,,,,,,,,,,,
Namkeens,,,,,,,,,,,,,,
,Dryfruit Kachori 400g,$239.76 ,$239.76 ,24,0, , ,-,$0.00 ,$0.00 ,0.64%,$9.99 ,$97.20 ,$142.56 
,Manchurian Stick 200gm,$31.84 ,$31.84 ,16,0, , ,-,$0.00 ,$0.00 ,0.09%,$1.99 ,$16.16 ,$15.68 
,Soya Stick 200gm,$29.85 ,$29.85 ,15,0, , ,-,$0.00 ,$0.00 ,0.08%,$1.99 ,$15.00 ,$14.85 
,Papad Chavanu 200gm,$16.50 ,$16.50 ,6,0, , ,-,$0.00 ,$0.00 ,0.04%,$2.75 ,$0.00 ,$16.50 
,Spicy Crispy Gathiya,$16.25 ,$16.25 ,5,0, , ,-,$0.00 ,$0.00 ,0.04%,$3.25 ,$5.45 ,$10.80 
,Nadiyadi Mix 200gm,$15.92 ,$15.92 ,8,0, , ,-,$0.00 ,$0.00 ,0.04%,$1.99 ,$0.00 ,$15.92 
,Jeera Mini Jar Chakri,$14.95 ,$14.95 ,5,0, , ,-,$0.00 ,$0.00 ,0.04%,$2.99 ,$0.00 ,$14.95 
,Makkai Chevdo 200gm,$13.93 ,$13.93 ,7,0, , ,-,$0.00 ,$0.00 ,0.04%,$1.99 ,-,-
,Kenyan Chevdo 200gm,$13.75 ,$13.75 ,5,0, , ,-,$0.00 ,$0.00 ,0.04%,$2.75 ,$0.00 ,$13.75 
,Sweet Farali Chevdo 200gm,$13.75 ,$13.75 ,5,0, , ,-,$0.00 ,$0.00 ,0.04%,$2.75 ,$0.00 ,$13.75 
,Ratlami Sev,$13.00 ,$13.00 ,4,0, , ,-,$0.00 ,$0.00 ,0.03%,$3.25 ,$7.12 ,$5.88 
,Sing Bhujia 200g,$11.94 ,$11.94 ,6,0, , ,-,$0.00 ,$0.00 ,0.03%,$1.99 ,$6.78 ,$5.16 
,Navratna Mix,$9.75 ,$9.75 ,3,0, , ,-,$0.00 ,$0.00 ,0.03%,$3.25 ,$3.27 ,$6.48 
,Bhakharwadi 200g,$7.96 ,$7.96 ,4,0, , ,-,$0.00 ,$0.00 ,0.02%,$1.99 ,$0.00 ,$7.96 
,Chaat Puri 200gm,$7.96 ,$7.96 ,4,0, , ,-,$0.00 ,$0.00 ,0.02%,$1.99 ,$0.00 ,$7.96 
,Naylon Sev 200gm,$7.96 ,$7.96 ,4,0, , ,-,$0.00 ,$0.00 ,0.02%,$1.99 ,-,-
,Surti Special 200gm,$7.96 ,$7.96 ,4,0, , ,-,$0.00 ,$0.00 ,0.02%,$1.99 ,-,-
,Garlic Bhel,$6.50 ,$6.50 ,2,0, , ,-,$0.00 ,$0.00 ,0.02%,$3.25 ,$2.18 ,$4.32 
,Plain Sev,$6.50 ,$6.50 ,2,0, , ,-,$0.00 ,$0.00 ,0.02%,$3.25 ,$2.12 ,$4.38 
,Bombay Mix 200gm,$5.97 ,$5.97 ,3,0, , ,-,$0.00 ,$0.00 ,0.02%,$1.99 ,-,-
,Banana Mari Wafer 200g,$5.50 ,$5.50 ,2,0, , ,-,$0.00 ,$0.00 ,0.01%,$2.75 ,$0.00 ,$5.50 
,Garlic Bhel 200gm,$3.98 ,$3.98 ,2,0, , ,-,$0.00 ,$0.00 ,0.01%,$1.99 ,-,-
,Ratlami Sev 200gm,$3.98 ,$3.98 ,2,0, , ,-,$0.00 ,$0.00 ,0.01%,$1.99 ,$0.00 ,$3.98 
,Raji Mini Jar Chakri,$3.25 ,$3.25 ,1,0, , ,-,$0.00 ,$0.00 ,0.01%,$3.25 ,$0.00 ,$3.25 
,Surti Special ,$3.25 ,$3.25 ,1,0, , ,-,$0.00 ,$0.00 ,0.01%,$3.25 ,$1.09 ,$2.16 
,Black Pepper Mini Jar Chakri,$2.99 ,$2.99 ,1,0, , ,-,$0.00 ,$0.00 ,0.01%,$2.99 ,$0.00 ,$2.99 
Total (Namkeens),,$514.95 ,$514.95 ,141,0,-, ,$0.00 ,$0.00 ,$0.00 ,1.38%,$3.65 ,$156.37 ,$318.78 
,,,,,,,,,,,,,,
Cookies,,,,,,,,,,,,,,
,Besan Pista Nankhatai,$83.86 ,$82.66 ,14,0, , ,-,($1.20),$0.00 ,0.22%,$5.90 ,$51.10 ,$31.56 
,Desi Ghee Nankhatai 400g,$71.39 ,$71.39 ,11,0, , ,-,$0.00 ,$0.00 ,0.19%,$6.49 ,$44.00 ,$27.39 
,Surti Farmas 400g,$41.93 ,$41.93 ,7,0, , ,-,$0.00 ,$0.00 ,0.11%,$5.99 ,$21.00 ,$20.93 
,Surti Sada 400gm,$36.75 ,$36.75 ,7,0, , ,-,$0.00 ,$0.00 ,0.10%,$5.25 ,$21.00 ,$15.75 
,GJ Punjabi 300gm,$34.00 ,$34.00 ,8,0, , ,-,$0.00 ,$0.00 ,0.09%,$4.25 ,$8.40 ,$25.60 
,Cashew Nut 200gm,$26.25 ,$26.25 ,7,0, , ,-,$0.00 ,$0.00 ,0.07%,$3.75 ,$0.00 ,$26.25 
,Fruit & Nut Cookies 200gm,$18.75 ,$18.75 ,5,0, , ,-,$0.00 ,$0.00 ,0.05%,$3.75 ,$0.00 ,$18.75 
,Cashew Bite 200gm,$11.25 ,$11.25 ,3,0, , ,-,$0.00 ,$0.00 ,0.03%,$3.75 ,$0.00 ,$11.25 
,Walnut Brown 200gm,$7.50 ,$7.50 ,2,0, , ,-,$0.00 ,$0.00 ,0.02%,$3.75 ,$0.00 ,$7.50 
Total (Cookies),,$331.68 ,$330.48 ,64,0,-, ,$0.00 ,($1.20),$0.00 ,0.88%,$5.16 ,$145.50 ,$184.98 
,,,,,,,,,,,,,,
Khari,,,,,,,,,,,,,,
,Plain Khari 400g,$112.25 ,$112.25 ,25,0, , ,-,$0.00 ,$0.00 ,0.30%,$4.49 ,$50.00 ,$62.25 
,Jeera Khari 400g,$32.94 ,$32.94 ,6,0, , ,-,$0.00 ,$0.00 ,0.09%,$5.49 ,$18.00 ,$14.94 
,Green Masala Khari 400g,$23.96 ,$23.96 ,4,0, , ,-,$0.00 ,$0.00 ,0.06%,$5.99 ,$12.00 ,$11.96 
,Methi Khari 400g,$17.97 ,$17.97 ,3,0, , ,-,$0.00 ,$0.00 ,0.05%,$5.99 ,$9.00 ,$8.97 
,Wheat Khari,$6.50 ,$6.50 ,2,0, , ,-,$0.00 ,$0.00 ,0.02%,$3.25 ,$2.10 ,$4.40 
Total (Khari),,$193.62 ,$193.62 ,40,0,-, ,$0.00 ,$0.00 ,$0.00 ,0.52%,$4.84 ,$91.10 ,$102.52 
,,,,,,,,,,,,,,
Customize ,,,,,,,,,,,,,,
,Design Charge Per LB,$130.00 ,$130.00 ,26,0, , ,-,$0.00 ,$0.00 ,0.35%,$5.00 ,$0.00 ,$130.00 
,Fondant Toys,$30.00 ,$30.00 ,3,0, , ,-,$0.00 ,$0.00 ,0.08%,$10.00 ,$0.00 ,$30.00 
Total (Customize ),,$160.00 ,$160.00 ,29,0,-, ,$0.00 ,$0.00 ,$0.00 ,0.43%,$5.52 ,$0.00 ,$160.00 
,,,,,,,,,,,,,,
Muffins & Pound Cake,,,,,,,,,,,,,,
,Tuti Fruti  Pound Cake,$74.85 ,$74.85 ,15,0, , ,-,$0.00 ,$0.00 ,0.20%,$4.99 ,-,-
,Vanilla Muffin,$27.17 ,$27.17 ,13,0, , ,-,$0.00 ,$0.00 ,0.07%,$2.09 ,$0.00 ,$27.17 
,Tuti Fruti Muffin,$23.92 ,$23.92 ,8,0, , ,-,$0.00 ,$0.00 ,0.06%,$2.99 ,-,-
,Red Velvet Muffin,$12.54 ,$12.54 ,6,0, , ,-,$0.00 ,$0.00 ,0.03%,$2.09 ,$0.00 ,$12.54 
,Tuti Fruity Pound Cake,$7.50 ,$7.50 ,2,0, , ,-,$0.00 ,$0.00 ,0.02%,$3.75 ,$0.00 ,$7.50 
,Tutti Frutti Muffin,$2.09 ,$2.09 ,1,0, , ,-,$0.00 ,$0.00 ,0.01%,$2.09 ,$0.00 ,$2.09 
Total (Muffins & Pound Cake),,$148.07 ,$148.07 ,45,0,-, ,$0.00 ,$0.00 ,$0.00 ,0.40%,$3.29 ,$0.00 ,$49.30 
,,,,,,,,,,,,,,
Mousse,,,,,,,,,,,,,,
,Choco Taco,$59.90 ,$59.90 ,10,0, , ,-,$0.00 ,$0.00 ,0.16%,$5.99 ,$39.90 ,$20.00 
,Chocolate Mousse,$37.50 ,$37.50 ,6,0, , ,-,$0.00 ,$0.00 ,0.10%,$6.25 ,$19.74 ,$17.76 
,Oreo Dessert Cup,$18.75 ,$18.75 ,3,0, , ,-,$0.00 ,$0.00 ,0.05%,$6.25 ,$0.00 ,$18.75 
,Cassata Mouse,$12.50 ,$12.50 ,2,0, , ,-,$0.00 ,$0.00 ,0.03%,$6.25 ,$0.00 ,$12.50 
,Pineapple Mousse,$6.25 ,$6.25 ,1,0, , ,-,$0.00 ,$0.00 ,0.02%,$6.25 ,$0.00 ,$6.25 
,Rasmalai Mousse,$6.25 ,$6.25 ,1,0, , ,-,$0.00 ,$0.00 ,0.02%,$6.25 ,$0.00 ,$6.25 
Total (Mousse),,$141.15 ,$141.15 ,23,0,-, ,$0.00 ,$0.00 ,$0.00 ,0.38%,$6.14 ,$59.64 ,$81.51 
,,,,,,,,,,,,,,
Gifting,,,,,,,,,,,,,,
,Nutty Moments,$41.96 ,$41.96 ,4,0, , ,-,$0.00 ,$0.00 ,0.11%,$10.49 ,$16.28 ,$25.68 
,Uttsav Assorted Cookies,$41.96 ,$41.96 ,4,0, , ,-,$0.00 ,$0.00 ,0.11%,$10.49 ,$0.00 ,$41.96 
,Royal Delight,$10.49 ,$10.49 ,1,0, , ,-,$0.00 ,$0.00 ,0.03%,$10.49 ,$4.06 ,$6.43 
Total (Gifting),,$94.41 ,$94.41 ,9,0,-, ,$0.00 ,$0.00 ,$0.00 ,0.25%,$10.49 ,$20.34 ,$74.07 
,,,,,,,,,,,,,,
Khakhra,,,,,,,,,,,,,,
,Chatpatta Khakhra,$13.93 ,$13.93 ,7,0, , ,-,$0.00 ,$0.00 ,0.04%,$1.99 ,$6.44 ,$7.49 
,Methi Khakhra,$13.93 ,$13.93 ,7,0, , ,-,$0.00 ,$0.00 ,0.04%,$1.99 ,$6.44 ,$7.49 
,Jeera Khakhra,$11.94 ,$11.94 ,6,0, , ,-,$0.00 ,$0.00 ,0.03%,$1.99 ,$0.00 ,$11.94 
,Golgappa Khakhra,$7.96 ,$7.96 ,4,0, , ,-,$0.00 ,$0.00 ,0.02%,$1.99 ,$0.00 ,$7.96 
,Moong Khakhra,$7.96 ,$7.96 ,4,0, , ,-,$0.00 ,$0.00 ,0.02%,$1.99 ,$0.00 ,$7.96 
,Garlic Khakhra,$5.97 ,$5.97 ,3,0, , ,-,$0.00 ,$0.00 ,0.02%,$1.99 ,$2.76 ,$3.21 
,Masala Khakhra,$5.97 ,$5.97 ,3,0, , ,-,$0.00 ,$0.00 ,0.02%,$1.99 ,$2.76 ,$3.21 
,Plain Khakhra,$5.97 ,$5.97 ,3,0, , ,-,$0.00 ,$0.00 ,0.02%,$1.99 ,$0.00 ,$5.97 
,Sandwich Khakhra,$3.98 ,$3.98 ,2,0, , ,-,$0.00 ,$0.00 ,0.01%,$1.99 ,$0.00 ,$3.98 
,Cheese Khakhra,$1.99 ,$1.99 ,1,0, , ,-,$0.00 ,$0.00 ,0.01%,$1.99 ,$0.00 ,$1.99 
Total (Khakhra),,$79.60 ,$79.60 ,40,0,-, ,$0.00 ,$0.00 ,$0.00 ,0.21%,$1.99 ,$18.40 ,$61.20 
,,,,,,,,,,,,,,
Rusk,,,,,,,,,,,,,,
,Fruit Rusk 200gm,$33.00 ,$33.00 ,12,0, , ,-,$0.00 ,$0.00 ,0.09%,$2.75 ,$12.96 ,$20.04 
,Milk Rusk 200gm,$24.75 ,$24.75 ,9,0, , ,-,$0.00 ,$0.00 ,0.07%,$2.75 ,$9.72 ,$15.03 
,Wheat Rusk 200gm,$8.25 ,$8.25 ,3,0, , ,-,$0.00 ,$0.00 ,0.02%,$2.75 ,$3.03 ,$5.22 
,Indori Rusk 200gm,$5.50 ,$5.50 ,2,0, , ,-,$0.00 ,$0.00 ,0.01%,$2.75 ,$2.16 ,$3.34 
,Jeera Rusk 200gm,$5.50 ,$5.50 ,2,0, , ,-,$0.00 ,$0.00 ,0.01%,$2.75 ,$0.00 ,$5.50 
Total (Rusk),,$77.00 ,$77.00 ,28,0,-, ,$0.00 ,$0.00 ,$0.00 ,0.21%,$2.75 ,$27.87 ,$49.13 
,,,,,,,,,,,,,,
Brownie,,,,,,,,,,,,,,
,Chocolate brownie,$30.25 ,$30.25 ,11,0, , ,-,$0.00 ,$0.00 ,0.08%,$2.75 ,$15.07 ,$15.18 
,Oreo Brownie,$6.50 ,$6.50 ,2,0, , ,-,$0.00 ,$0.00 ,0.02%,$3.25 ,$3.28 ,$3.22 
Total (Brownie),,$36.75 ,$36.75 ,13,0,-, ,$0.00 ,$0.00 ,$0.00 ,0.10%,$2.83 ,$18.35 ,$18.40 
,,,,,,,,,,,,,,
Cream Roll,,,,,,,,,,,,,,
,Vanilla Cream Roll (Box),$29.98 ,$14.99 ,2,1, , ,-,$0.00 ,($14.99),0.04%,$14.99 ,$0.00 ,$14.99 
,Cream Roll Vanilla,$6.25 ,$5.79 ,5,0, , ,-,($0.46),$0.00 ,0.02%,$1.16 ,$1.55 ,$4.24 
Total (Cream Roll),,$36.23 ,$20.78 ,7,1,-, ,$0.00 ,($0.46),($14.99),0.06%,$3.46 ,$1.55 ,$19.23 
,,,,,,,,,,,,,,
Combo,,,,,,,,,,,,,,
,Coffee + Maska Bun,$4.99 ,$4.99 ,1,0, , ,-,$0.00 ,$0.00 ,0.01%,$4.99 ,$0.00 ,$4.99 
Total (Combo),,$4.99 ,$4.99 ,1,0,-, ,$0.00 ,$0.00 ,$0.00 ,0.01%,$4.99 ,$0.00 ,$4.99 
,,,,,,,,,,,,,,
TOTAL,,"$39,424.46 ","$37,392.30 ",6511,6,-, ,$83.69 ,"($1,989.72)",($42.44),100.00%,$5.75 ,"$10,221.82 ","$25,478.94 "
